code,full_name,gu_name,dong_name,short_code
1111010100,서울특별시 종로구 청운동,종로구,청운동,11110101
1111010200,서울특별시 종로구 신교동,종로구,신교동,11110102
1111010300,서울특별시 종로구 궁정동,종로구,궁정동,11110103
1111010400,서울특별시 종로구 효자동,종로구,효자동,11110104
1111010500,서울특별시 종로구 창성동,종로구,창성동,11110105
1111010600,서울특별시 종로구 통의동,종로구,통의동,11110106
1111010700,서울특별시 종로구 적선동,종로구,적선동,11110107
1111010800,서울특별시 종로구 통인동,종로구,통인동,11110108
1111010900,서울특별시 종로구 누상동,종로구,누상동,11110109
1111011000,서울특별시 종로구 누하동,종로구,누하동,11110110
1111011100,서울특별시 종로구 옥인동,종로구,옥인동,11110111
1111011200,서울특별시 종로구 체부동,종로구,체부동,11110112
1111011300,서울특별시 종로구 필운동,종로구,필운동,11110113
1111011400,서울특별시 종로구 내자동,종로구,내자동,11110114
1111011500,서울특별시 종로구 사직동,종로구,사직동,11110115
1111011600,서울특별시 종로구 도렴동,종로구,도렴동,11110116
1111011700,서울특별시 종로구 당주동,종로구,당주동,11110117
1111011800,서울특별시 종로구 내수동,종로구,내수동,11110118
1111011900,서울특별시 종로구 세종로,종로구,세종로,11110119
1111012000,서울특별시 종로구 신문로1가,종로구,신문로1가,11110120
1111012100,서울특별시 종로구 신문로2가,종로구,신문로2가,11110121
1111012200,서울특별시 종로구 청진동,종로구,청진동,11110122
1111012300,서울특별시 종로구 서린동,종로구,서린동,11110123
1111012400,서울특별시 종로구 수송동,종로구,수송동,11110124
1111012500,서울특별시 종로구 중학동,종로구,중학동,11110125
1111012600,서울특별시 종로구 종로1가,종로구,종로1가,11110126
1111012700,서울특별시 종로구 공평동,종로구,공평동,11110127
1111012800,서울특별시 종로구 관훈동,종로구,관훈동,11110128
1111012900,서울특별시 종로구 견지동,종로구,견지동,11110129
1111013000,서울특별시 종로구 와룡동,종로구,와룡동,11110130
1111013100,서울특별시 종로구 권농동,종로구,권농동,11110131
1111013200,서울특별시 종로구 운니동,종로구,운니동,11110132
1111013300,서울특별시 종로구 익선동,종로구,익선동,11110133
1111013400,서울특별시 종로구 경운동,종로구,경운동,11110134
1111013500,서울특별시 종로구 관철동,종로구,관철동,11110135
1111013600,서울특별시 종로구 인사동,종로구,인사동,11110136
1111013700,서울특별시 종로구 낙원동,종로구,낙원동,11110137
1111013800,서울특별시 종로구 종로2가,종로구,종로2가,11110138
1111013900,서울특별시 종로구 팔판동,종로구,팔판동,11110139
1111014000,서울특별시 종로구 삼청동,종로구,삼청동,11110140
1111014100,서울특별시 종로구 안국동,종로구,안국동,11110141
1111014200,서울특별시 종로구 소격동,종로구,소격동,11110142
1111014300,서울특별시 종로구 화동,종로구,화동,11110143
1111014400,서울특별시 종로구 사간동,종로구,사간동,11110144
1111014500,서울특별시 종로구 송현동,종로구,송현동,11110145
1111014600,서울특별시 종로구 가회동,종로구,가회동,11110146
1111014700,서울특별시 종로구 재동,종로구,재동,11110147
1111014800,서울특별시 종로구 계동,종로구,계동,11110148
1111014900,서울특별시 종로구 원서동,종로구,원서동,11110149
1111015000,서울특별시 종로구 훈정동,종로구,훈정동,11110150
1111015100,서울특별시 종로구 묘동,종로구,묘동,11110151
1111015200,서울특별시 종로구 봉익동,종로구,봉익동,11110152
1111015300,서울특별시 종로구 돈의동,종로구,돈의동,11110153
1111015400,서울특별시 종로구 장사동,종로구,장사동,11110154
1111015500,서울특별시 종로구 관수동,종로구,관수동,11110155
1111015600,서울특별시 종로구 종로3가,종로구,종로3가,11110156
1111015700,서울특별시 종로구 인의동,종로구,인의동,11110157
1111015800,서울특별시 종로구 예지동,종로구,예지동,11110158
1111015900,서울특별시 종로구 원남동,종로구,원남동,11110159
1111016000,서울특별시 종로구 연지동,종로구,연지동,11110160
1111016100,서울특별시 종로구 종로4가,종로구,종로4가,11110161
1111016200,서울특별시 종로구 효제동,종로구,효제동,11110162
1111016300,서울특별시 종로구 종로5가,종로구,종로5가,11110163
1111016400,서울특별시 종로구 종로6가,종로구,종로6가,11110164
1111016500,서울특별시 종로구 이화동,종로구,이화동,11110165
1111016600,서울특별시 종로구 연건동,종로구,연건동,11110166
1111016700,서울특별시 종로구 충신동,종로구,충신동,11110167
1111016800,서울특별시 종로구 동숭동,종로구,동숭동,11110168
1111016900,서울특별시 종로구 혜화동,종로구,혜화동,11110169
1111017000,서울특별시 종로구 명륜1가,종로구,명륜1가,11110170
1111017100,서울특별시 종로구 명륜2가,종로구,명륜2가,11110171
1111017200,서울특별시 종로구 명륜4가,종로구,명륜4가,11110172
1111017300,서울특별시 종로구 명륜3가,종로구,명륜3가,11110173
1111017400,서울특별시 종로구 창신동,종로구,창신동,11110174
1111017500,서울특별시 종로구 숭인동,종로구,숭인동,11110175
1111017600,서울특별시 종로구 교남동,종로구,교남동,11110176
1111017700,서울특별시 종로구 평동,종로구,평동,11110177
1111017800,서울특별시 종로구 송월동,종로구,송월동,11110178
1111017900,서울특별시 종로구 홍파동,종로구,홍파동,11110179
1111018000,서울특별시 종로구 교북동,종로구,교북동,11110180
1111018100,서울특별시 종로구 행촌동,종로구,행촌동,11110181
1111018200,서울특별시 종로구 구기동,종로구,구기동,11110182
1111018300,서울특별시 종로구 평창동,종로구,평창동,11110183
1111018400,서울특별시 종로구 부암동,종로구,부암동,11110184
1111018500,서울특별시 종로구 홍지동,종로구,홍지동,11110185
1111018600,서울특별시 종로구 신영동,종로구,신영동,11110186
1111018700,서울특별시 종로구 무악동,종로구,무악동,11110187
1114010100,서울특별시 중구 무교동,중구,무교동,11140101
1114010200,서울특별시 중구 다동,중구,다동,11140102
1114010300,서울특별시 중구 태평로1가,중구,태평로1가,11140103
1114010400,서울특별시 중구 을지로1가,중구,을지로1가,11140104
1114010500,서울특별시 중구 을지로2가,중구,을지로2가,11140105
1114010600,서울특별시 중구 남대문로1가,중구,남대문로1가,11140106
1114010700,서울특별시 중구 삼각동,중구,삼각동,11140107
1114010800,서울특별시 중구 수하동,중구,수하동,11140108
1114010900,서울특별시 중구 장교동,중구,장교동,11140109
1114011000,서울특별시 중구 수표동,중구,수표동,11140110
1114011100,서울특별시 중구 소공동,중구,소공동,11140111
1114011200,서울특별시 중구 남창동,중구,남창동,11140112
1114011300,서울특별시 중구 북창동,중구,북창동,11140113
1114011400,서울특별시 중구 태평로2가,중구,태평로2가,11140114
1114011500,서울특별시 중구 남대문로2가,중구,남대문로2가,11140115
1114011600,서울특별시 중구 남대문로3가,중구,남대문로3가,11140116
1114011700,서울특별시 중구 남대문로4가,중구,남대문로4가,11140117
1114011800,서울특별시 중구 남대문로5가,중구,남대문로5가,11140118
1114011900,서울특별시 중구 봉래동1가,중구,봉래동1가,11140119
1114012000,서울특별시 중구 봉래동2가,중구,봉래동2가,11140120
1114012100,서울특별시 중구 회현동1가,중구,회현동1가,11140121
1114012200,서울특별시 중구 회현동2가,중구,회현동2가,11140122
1114012300,서울특별시 중구 회현동3가,중구,회현동3가,11140123
1114012400,서울특별시 중구 충무로1가,중구,충무로1가,11140124
1114012500,서울특별시 중구 충무로2가,중구,충무로2가,11140125
1114012600,서울특별시 중구 명동1가,중구,명동1가,11140126
1114012700,서울특별시 중구 명동2가,중구,명동2가,11140127
1114012800,서울특별시 중구 남산동1가,중구,남산동1가,11140128
1114012900,서울특별시 중구 남산동2가,중구,남산동2가,11140129
1114013000,서울특별시 중구 남산동3가,중구,남산동3가,11140130
1114013100,서울특별시 중구 저동1가,중구,저동1가,11140131
1114013200,서울특별시 중구 충무로4가,중구,충무로4가,11140132
1114013300,서울특별시 중구 충무로5가,중구,충무로5가,11140133
1114013400,서울특별시 중구 인현동2가,중구,인현동2가,11140134
1114013500,서울특별시 중구 예관동,중구,예관동,11140135
1114013600,서울특별시 중구 묵정동,중구,묵정동,11140136
1114013700,서울특별시 중구 필동1가,중구,필동1가,11140137
1114013800,서울특별시 중구 필동2가,중구,필동2가,11140138
1114013900,서울특별시 중구 필동3가,중구,필동3가,11140139
1114014000,서울특별시 중구 남학동,중구,남학동,11140140
1114014100,서울특별시 중구 주자동,중구,주자동,11140141
1114014200,서울특별시 중구 예장동,중구,예장동,11140142
1114014300,서울특별시 중구 장충동1가,중구,장충동1가,11140143
1114014400,서울특별시 중구 장충동2가,중구,장충동2가,11140144
1114014500,서울특별시 중구 광희동1가,중구,광희동1가,11140145
1114014600,서울특별시 중구 광희동2가,중구,광희동2가,11140146
1114014700,서울특별시 중구 쌍림동,중구,쌍림동,11140147
1114014800,서울특별시 중구 을지로6가,중구,을지로6가,11140148
1114014900,서울특별시 중구 을지로7가,중구,을지로7가,11140149
1114015000,서울특별시 중구 을지로4가,중구,을지로4가,11140150
1114015100,서울특별시 중구 을지로5가,중구,을지로5가,11140151
1114015200,서울특별시 중구 주교동,중구,주교동,11140152
1114015300,서울특별시 중구 방산동,중구,방산동,11140153
1114015400,서울특별시 중구 오장동,중구,오장동,11140154
1114015500,서울특별시 중구 을지로3가,중구,을지로3가,11140155
1114015600,서울특별시 중구 입정동,중구,입정동,11140156
1114015700,서울특별시 중구 산림동,중구,산림동,11140157
1114015800,서울특별시 중구 충무로3가,중구,충무로3가,11140158
1114015900,서울특별시 중구 초동,중구,초동,11140159
1114016000,서울특별시 중구 인현동1가,중구,인현동1가,11140160
1114016100,서울특별시 중구 저동2가,중구,저동2가,11140161
1114016200,서울특별시 중구 신당동,중구,신당동,11140162
1114016300,서울특별시 중구 흥인동,중구,흥인동,11140163
1114016400,서울특별시 중구 무학동,중구,무학동,11140164
1114016500,서울특별시 중구 황학동,중구,황학동,11140165
1114016600,서울특별시 중구 서소문동,중구,서소문동,11140166
1114016700,서울특별시 중구 정동,중구,정동,11140167
1114016800,서울특별시 중구 순화동,중구,순화동,11140168
1114016900,서울특별시 중구 의주로1가,중구,의주로1가,11140169
1114017000,서울특별시 중구 충정로1가,중구,충정로1가,11140170
1114017100,서울특별시 중구 중림동,중구,중림동,11140171
1114017200,서울특별시 중구 의주로2가,중구,의주로2가,11140172
1114017300,서울특별시 중구 만리동1가,중구,만리동1가,11140173
1114017400,서울특별시 중구 만리동2가,중구,만리동2가,11140174
1117010100,서울특별시 용산구 후암동,용산구,후암동,11170101
1117010200,서울특별시 용산구 용산동2가,용산구,용산동2가,11170102
1117010300,서울특별시 용산구 용산동4가,용산구,용산동4가,11170103
1117010400,서울특별시 용산구 갈월동,용산구,갈월동,11170104
1117010500,서울특별시 용산구 남영동,용산구,남영동,11170105
1117010600,서울특별시 용산구 용산동1가,용산구,용산동1가,11170106
1117010700,서울특별시 용산구 동자동,용산구,동자동,11170107
1117010800,서울특별시 용산구 서계동,용산구,서계동,11170108
1117010900,서울특별시 용산구 청파동1가,용산구,청파동1가,11170109
1117011000,서울특별시 용산구 청파동2가,용산구,청파동2가,11170110
1117011100,서울특별시 용산구 청파동3가,용산구,청파동3가,11170111
1117011200,서울특별시 용산구 원효로1가,용산구,원효로1가,11170112
1117011300,서울특별시 용산구 원효로2가,용산구,원효로2가,11170113
1117011400,서울특별시 용산구 신창동,용산구,신창동,11170114
1117011500,서울특별시 용산구 산천동,용산구,산천동,11170115
1117011600,서울특별시 용산구 청암동,용산구,청암동,11170116
1117011700,서울특별시 용산구 원효로3가,용산구,원효로3가,11170117
1117011800,서울특별시 용산구 원효로4가,용산구,원효로4가,11170118
1117011900,서울특별시 용산구 효창동,용산구,효창동,11170119
1117012000,서울특별시 용산구 도원동,용산구,도원동,11170120
1117012100,서울특별시 용산구 용문동,용산구,용문동,11170121
1117012200,서울특별시 용산구 문배동,용산구,문배동,11170122
1117012300,서울특별시 용산구 신계동,용산구,신계동,11170123
1117012400,서울특별시 용산구 한강로1가,용산구,한강로1가,11170124
1117012500,서울특별시 용산구 한강로2가,용산구,한강로2가,11170125
1117012600,서울특별시 용산구 용산동3가,용산구,용산동3가,11170126
1117012700,서울특별시 용산구 용산동5가,용산구,용산동5가,11170127
1117012800,서울특별시 용산구 한강로3가,용산구,한강로3가,11170128
1117012900,서울특별시 용산구 이촌동,용산구,이촌동,11170129
1117013000,서울특별시 용산구 이태원동,용산구,이태원동,11170130
1117013100,서울특별시 용산구 한남동,용산구,한남동,11170131
1117013200,서울특별시 용산구 동빙고동,용산구,동빙고동,11170132
1117013300,서울특별시 용산구 서빙고동,용산구,서빙고동,11170133
1117013400,서울특별시 용산구 주성동,용산구,주성동,11170134
1117013500,서울특별시 용산구 용산동6가,용산구,용산동6가,11170135
1117013600,서울특별시 용산구 보광동,용산구,보광동,11170136
1120010100,서울특별시 성동구 상왕십리동,성동구,상왕십리동,11200101
1120010200,서울특별시 성동구 하왕십리동,성동구,하왕십리동,11200102
1120010300,서울특별시 성동구 홍익동,성동구,홍익동,11200103
1120010400,서울특별시 성동구 도선동,성동구,도선동,11200104
1120010500,서울특별시 성동구 마장동,성동구,마장동,11200105
1120010600,서울특별시 성동구 사근동,성동구,사근동,11200106
1120010700,서울특별시 성동구 행당동,성동구,행당동,11200107
1120010800,서울특별시 성동구 응봉동,성동구,응봉동,11200108
1120010900,서울특별시 성동구 금호동1가,성동구,금호동1가,11200109
1120011000,서울특별시 성동구 금호동2가,성동구,금호동2가,11200110
1120011100,서울특별시 성동구 금호동3가,성동구,금호동3가,11200111
1120011200,서울특별시 성동구 금호동4가,성동구,금호동4가,11200112
1120011300,서울특별시 성동구 옥수동,성동구,옥수동,11200113
1120011400,서울특별시 성동구 성수동1가,성동구,성수동1가,11200114
1120011500,서울특별시 성동구 성수동2가,성동구,성수동2가,11200115
1120011800,서울특별시 성동구 송정동,성동구,송정동,11200118
1120012200,서울특별시 성동구 용답동,성동구,용답동,11200122
1121510100,서울특별시 광진구 중곡동,광진구,중곡동,11215101
1121510200,서울특별시 광진구 능동,광진구,능동,11215102
1121510300,서울특별시 광진구 구의동,광진구,구의동,11215103
1121510400,서울특별시 광진구 광장동,광진구,광장동,11215104
1121510500,서울특별시 광진구 자양동,광진구,자양동,11215105
1121510700,서울특별시 광진구 화양동,광진구,화양동,11215107
1121510900,서울특별시 광진구 군자동,광진구,군자동,11215109
1123010100,서울특별시 동대문구 신설동,동대문구,신설동,11230101
1123010200,서울특별시 동대문구 용두동,동대문구,용두동,11230102
1123010300,서울특별시 동대문구 제기동,동대문구,제기동,11230103
1123010400,서울특별시 동대문구 전농동,동대문구,전농동,11230104
1123010500,서울특별시 동대문구 답십리동,동대문구,답십리동,11230105
1123010600,서울특별시 동대문구 장안동,동대문구,장안동,11230106
1123010700,서울특별시 동대문구 청량리동,동대문구,청량리동,11230107
1123010800,서울특별시 동대문구 회기동,동대문구,회기동,11230108
1123010900,서울특별시 동대문구 휘경동,동대문구,휘경동,11230109
1123011000,서울특별시 동대문구 이문동,동대문구,이문동,11230110
1126010100,서울특별시 중랑구 면목동,중랑구,면목동,11260101
1126010200,서울특별시 중랑구 상봉동,중랑구,상봉동,11260102
1126010300,서울특별시 중랑구 중화동,중랑구,중화동,11260103
1126010400,서울특별시 중랑구 묵동,중랑구,묵동,11260104
1126010500,서울특별시 중랑구 망우동,중랑구,망우동,11260105
1126010600,서울특별시 중랑구 신내동,중랑구,신내동,11260106
1129010100,서울특별시 성북구 성북동,성북구,성북동,11290101
1129010200,서울특별시 성북구 성북동1가,성북구,성북동1가,11290102
1129010300,서울특별시 성북구 돈암동,성북구,돈암동,11290103
1129010400,서울특별시 성북구 동소문동1가,성북구,동소문동1가,11290104
1129010500,서울특별시 성북구 동소문동2가,성북구,동소문동2가,11290105
1129010600,서울특별시 성북구 동소문동3가,성북구,동소문동3가,11290106
1129010700,서울특별시 성북구 동소문동4가,성북구,동소문동4가,11290107
1129010800,서울특별시 성북구 동소문동5가,성북구,동소문동5가,11290108
1129010900,서울특별시 성북구 동소문동6가,성북구,동소문동6가,11290109
1129011000,서울특별시 성북구 동소문동7가,성북구,동소문동7가,11290110
1129011100,서울특별시 성북구 삼선동1가,성북구,삼선동1가,11290111
1129011200,서울특별시 성북구 삼선동2가,성북구,삼선동2가,11290112
1129011300,서울특별시 성북구 삼선동3가,성북구,삼선동3가,11290113
1129011400,서울특별시 성북구 삼선동4가,성북구,삼선동4가,11290114
1129011500,서울특별시 성북구 삼선동5가,성북구,삼선동5가,11290115
1129011600,서울특별시 성북구 동선동1가,성북구,동선동1가,11290116
1129011700,서울특별시 성북구 동선동2가,성북구,동선동2가,11290117
1129011800,서울특별시 성북구 동선동3가,성북구,동선동3가,11290118
1129011900,서울특별시 성북구 동선동4가,성북구,동선동4가,11290119
1129012000,서울특별시 성북구 동선동5가,성북구,동선동5가,11290120
1129012100,서울특별시 성북구 안암동1가,성북구,안암동1가,11290121
1129012200,서울특별시 성북구 안암동2가,성북구,안암동2가,11290122
1129012300,서울특별시 성북구 안암동3가,성북구,안암동3가,11290123
1129012400,서울특별시 성북구 안암동4가,성북구,안암동4가,11290124
1129012500,서울특별시 성북구 안암동5가,성북구,안암동5가,11290125
1129012600,서울특별시 성북구 보문동4가,성북구,보문동4가,11290126
1129012700,서울특별시 성북구 보문동5가,성북구,보문동5가,11290127
1129012800,서울특별시 성북구 보문동6가,성북구,보문동6가,11290128
1129012900,서울특별시 성북구 보문동7가,성북구,보문동7가,11290129
1129013000,서울특별시 성북구 보문동1가,성북구,보문동1가,11290130
1129013100,서울특별시 성북구 보문동2가,성북구,보문동2가,11290131
1129013200,서울특별시 성북구 보문동3가,성북구,보문동3가,11290132
1129013300,서울특별시 성북구 정릉동,성북구,정릉동,11290133
1129013400,서울특별시 성북구 길음동,성북구,길음동,11290134
1129013500,서울특별시 성북구 종암동,성북구,종암동,11290135
1129013600,서울특별시 성북구 하월곡동,성북구,하월곡동,11290136
1129013700,서울특별시 성북구 상월곡동,성북구,상월곡동,11290137
1129013800,서울특별시 성북구 장위동,성북구,장위동,11290138
1129013900,서울특별시 성북구 석관동,성북구,석관동,11290139
1130510100,서울특별시 강북구 미아동,강북구,미아동,11305101
1130510200,서울특별시 강북구 번동,강북구,번동,11305102
1130510300,서울특별시 강북구 수유동,강북구,수유동,11305103
1130510400,서울특별시 강북구 우이동,강북구,우이동,11305104
1132010500,서울특별시 도봉구 쌍문동,도봉구,쌍문동,11320105
1132010600,서울특별시 도봉구 방학동,도봉구,방학동,11320106
1132010700,서울특별시 도봉구 창동,도봉구,창동,11320107
1132010800,서울특별시 도봉구 도봉동,도봉구,도봉동,11320108
1135010200,서울특별시 노원구 월계동,노원구,월계동,11350102
1135010300,서울특별시 노원구 공릉동,노원구,공릉동,11350103
1135010400,서울특별시 노원구 하계동,노원구,하계동,11350104
1135010500,서울특별시 노원구 상계동,노원구,상계동,11350105
1135010600,서울특별시 노원구 중계동,노원구,중계동,11350106
1138010100,서울특별시 은평구 수색동,은평구,수색동,11380101
1138010200,서울특별시 은평구 녹번동,은평구,녹번동,11380102
1138010300,서울특별시 은평구 불광동,은평구,불광동,11380103
1138010400,서울특별시 은평구 갈현동,은평구,갈현동,11380104
1138010500,서울특별시 은평구 구산동,은평구,구산동,11380105
1138010600,서울특별시 은평구 대조동,은평구,대조동,11380106
1138010700,서울특별시 은평구 응암동,은평구,응암동,11380107
1138010800,서울특별시 은평구 역촌동,은평구,역촌동,11380108
1138010900,서울특별시 은평구 신사동,은평구,신사동,11380109
1138011000,서울특별시 은평구 증산동,은평구,증산동,11380110
1138011400,서울특별시 은평구 진관동,은평구,진관동,11380114
1141010100,서울특별시 서대문구 충정로2가,서대문구,충정로2가,11410101
1141010200,서울특별시 서대문구 충정로3가,서대문구,충정로3가,11410102
1141010300,서울특별시 서대문구 합동,서대문구,합동,11410103
1141010400,서울특별시 서대문구 미근동,서대문구,미근동,11410104
1141010500,서울특별시 서대문구 냉천동,서대문구,냉천동,11410105
1141010600,서울특별시 서대문구 천연동,서대문구,천연동,11410106
1141010700,서울특별시 서대문구 옥천동,서대문구,옥천동,11410107
1141010800,서울특별시 서대문구 영천동,서대문구,영천동,11410108
1141010900,서울특별시 서대문구 현저동,서대문구,현저동,11410109
1141011000,서울특별시 서대문구 북아현동,서대문구,북아현동,11410110
1141011100,서울특별시 서대문구 홍제동,서대문구,홍제동,11410111
1141011200,서울특별시 서대문구 대현동,서대문구,대현동,11410112
1141011300,서울특별시 서대문구 대신동,서대문구,대신동,11410113
1141011400,서울특별시 서대문구 신촌동,서대문구,신촌동,11410114
1141011500,서울특별시 서대문구 봉원동,서대문구,봉원동,11410115
1141011600,서울특별시 서대문구 창천동,서대문구,창천동,11410116
1141011700,서울특별시 서대문구 연희동,서대문구,연희동,11410117
1141011800,서울특별시 서대문구 홍은동,서대문구,홍은동,11410118
1141011900,서울특별시 서대문구 북가좌동,서대문구,북가좌동,11410119
1141012000,서울특별시 서대문구 남가좌동,서대문구,남가좌동,11410120
1144010100,서울특별시 마포구 아현동,마포구,아현동,11440101
1144010200,서울특별시 마포구 공덕동,마포구,공덕동,11440102
1144010300,서울특별시 마포구 신공덕동,마포구,신공덕동,11440103
1144010400,서울특별시 마포구 도화동,마포구,도화동,11440104
1144010500,서울특별시 마포구 용강동,마포구,용강동,11440105
1144010600,서울특별시 마포구 토정동,마포구,토정동,11440106
1144010700,서울특별시 마포구 마포동,마포구,마포동,11440107
1144010800,서울특별시 마포구 대흥동,마포구,대흥동,11440108
1144010900,서울특별시 마포구 염리동,마포구,염리동,11440109
1144011000,서울특별시 마포구 노고산동,마포구,노고산동,11440110
1144011100,서울특별시 마포구 신수동,마포구,신수동,11440111
1144011200,서울특별시 마포구 현석동,마포구,현석동,11440112
1144011300,서울특별시 마포구 구수동,마포구,구수동,11440113
1144011400,서울특별시 마포구 창전동,마포구,창전동,11440114
1144011500,서울특별시 마포구 상수동,마포구,상수동,11440115
1144011600,서울특별시 마포구 하중동,마포구,하중동,11440116
1144011700,서울특별시 마포구 신정동,마포구,신정동,11440117
1144011800,서울특별시 마포구 당인동,마포구,당인동,11440118
1144012000,서울특별시 마포구 서교동,마포구,서교동,11440120
1144012100,서울특별시 마포구 동교동,마포구,동교동,11440121
1144012200,서울특별시 마포구 합정동,마포구,합정동,11440122
1144012300,서울특별시 마포구 망원동,마포구,망원동,11440123
1144012400,서울특별시 마포구 연남동,마포구,연남동,11440124
1144012500,서울특별시 마포구 성산동,마포구,성산동,11440125
1144012600,서울특별시 마포구 중동,마포구,중동,11440126
1144012700,서울특별시 마포구 상암동,마포구,상암동,11440127
1147010100,서울특별시 양천구 신정동,양천구,신정동,11470101
1147010200,서울특별시 양천구 목동,양천구,목동,11470102
1147010300,서울특별시 양천구 신월동,양천구,신월동,11470103
1150010100,서울특별시 강서구 염창동,강서구,염창동,11500101
1150010200,서울특별시 강서구 등촌동,강서구,등촌동,11500102
1150010300,서울특별시 강서구 화곡동,강서구,화곡동,11500103
1150010400,서울특별시 강서구 가양동,강서구,가양동,11500104
1150010500,서울특별시 강서구 마곡동,강서구,마곡동,11500105
1150010600,서울특별시 강서구 내발산동,강서구,내발산동,11500106
1150010700,서울특별시 강서구 외발산동,강서구,외발산동,11500107
1150010800,서울특별시 강서구 공항동,강서구,공항동,11500108
1150010900,서울특별시 강서구 방화동,강서구,방화동,11500109
1150011000,서울특별시 강서구 개화동,강서구,개화동,11500110
1150011100,서울특별시 강서구 과해동,강서구,과해동,11500111
1150011200,서울특별시 강서구 오곡동,강서구,오곡동,11500112
1150011300,서울특별시 강서구 오쇠동,강서구,오쇠동,11500113
1153010100,서울특별시 구로구 신도림동,구로구,신도림동,11530101
1153010200,서울특별시 구로구 구로동,구로구,구로동,11530102
1153010300,서울특별시 구로구 가리봉동,구로구,가리봉동,11530103
1153010600,서울특별시 구로구 고척동,구로구,고척동,11530106
1153010700,서울특별시 구로구 개봉동,구로구,개봉동,11530107
1153010800,서울특별시 구로구 오류동,구로구,오류동,11530108
1153010900,서울특별시 구로구 궁동,구로구,궁동,11530109
1153011000,서울특별시 구로구 온수동,구로구,온수동,11530110
1153011100,서울특별시 구로구 천왕동,구로구,천왕동,11530111
1153011200,서울특별시 구로구 항동,구로구,항동,11530112
1154510100,서울특별시 금천구 가산동,금천구,가산동,11545101
1154510200,서울특별시 금천구 독산동,금천구,독산동,11545102
1154510300,서울특별시 금천구 시흥동,금천구,시흥동,11545103
1156010100,서울특별시 영등포구 영등포동,영등포구,영등포동,11560101
1156010200,서울특별시 영등포구 영등포동1가,영등포구,영등포동1가,11560102
1156010300,서울특별시 영등포구 영등포동2가,영등포구,영등포동2가,11560103
1156010400,서울특별시 영등포구 영등포동3가,영등포구,영등포동3가,11560104
1156010500,서울특별시 영등포구 영등포동4가,영등포구,영등포동4가,11560105
1156010600,서울특별시 영등포구 영등포동5가,영등포구,영등포동5가,11560106
1156010700,서울특별시 영등포구 영등포동6가,영등포구,영등포동6가,11560107
1156010800,서울특별시 영등포구 영등포동7가,영등포구,영등포동7가,11560108
1156010900,서울특별시 영등포구 영등포동8가,영등포구,영등포동8가,11560109
1156011000,서울특별시 영등포구 여의도동,영등포구,여의도동,11560110
1156011100,서울특별시 영등포구 당산동1가,영등포구,당산동1가,11560111
1156011200,서울특별시 영등포구 당산동2가,영등포구,당산동2가,11560112
1156011300,서울특별시 영등포구 당산동3가,영등포구,당산동3가,11560113
1156011400,서울특별시 영등포구 당산동4가,영등포구,당산동4가,11560114
1156011500,서울특별시 영등포구 당산동5가,영등포구,당산동5가,11560115
1156011600,서울특별시 영등포구 당산동6가,영등포구,당산동6가,11560116
1156011700,서울특별시 영등포구 당산동,영등포구,당산동,11560117
1156011800,서울특별시 영등포구 도림동,영등포구,도림동,11560118
1156011900,서울특별시 영등포구 문래동1가,영등포구,문래동1가,11560119
1156012000,서울특별시 영등포구 문래동2가,영등포구,문래동2가,11560120
1156012100,서울특별시 영등포구 문래동3가,영등포구,문래동3가,11560121
1156012200,서울특별시 영등포구 문래동4가,영등포구,문래동4가,11560122
1156012300,서울특별시 영등포구 문래동5가,영등포구,문래동5가,11560123
1156012400,서울특별시 영등포구 문래동6가,영등포구,문래동6가,11560124
1156012500,서울특별시 영등포구 양평동1가,영등포구,양평동1가,11560125
1156012600,서울특별시 영등포구 양평동2가,영등포구,양평동2가,11560126
1156012700,서울특별시 영등포구 양평동3가,영등포구,양평동3가,11560127
1156012800,서울특별시 영등포구 양평동4가,영등포구,양평동4가,11560128
1156012900,서울특별시 영등포구 양평동5가,영등포구,양평동5가,11560129
1156013000,서울특별시 영등포구 양평동6가,영등포구,양평동6가,11560130
1156013100,서울특별시 영등포구 양화동,영등포구,양화동,11560131
1156013200,서울특별시 영등포구 신길동,영등포구,신길동,11560132
1156013300,서울특별시 영등포구 대림동,영등포구,대림동,11560133
1156013400,서울특별시 영등포구 양평동,영등포구,양평동,11560134
1159010100,서울특별시 동작구 노량진동,동작구,노량진동,11590101
1159010200,서울특별시 동작구 상도동,동작구,상도동,11590102
1159010300,서울특별시 동작구 상도1동,동작구,상도1동,11590103
1159010400,서울특별시 동작구 본동,동작구,본동,11590104
1159010500,서울특별시 동작구 흑석동,동작구,흑석동,11590105
1159010600,서울특별시 동작구 동작동,동작구,동작동,11590106
1159010700,서울특별시 동작구 사당동,동작구,사당동,11590107
1159010800,서울특별시 동작구 대방동,동작구,대방동,11590108
1159010900,서울특별시 동작구 신대방동,동작구,신대방동,11590109
1162010100,서울특별시 관악구 봉천동,관악구,봉천동,11620101
1162010200,서울특별시 관악구 신림동,관악구,신림동,11620102
1162010300,서울특별시 관악구 남현동,관악구,남현동,11620103
1165010100,서울특별시 서초구 방배동,서초구,방배동,11650101
1165010200,서울특별시 서초구 양재동,서초구,양재동,11650102
1165010300,서울특별시 서초구 우면동,서초구,우면동,11650103
1165010400,서울특별시 서초구 원지동,서초구,원지동,11650104
1165010600,서울특별시 서초구 잠원동,서초구,잠원동,11650106
1165010700,서울특별시 서초구 반포동,서초구,반포동,11650107
1165010800,서울특별시 서초구 서초동,서초구,서초동,11650108
1165010900,서울특별시 서초구 내곡동,서초구,내곡동,11650109
1165011000,서울특별시 서초구 염곡동,서초구,염곡동,11650110
1165011100,서울특별시 서초구 신원동,서초구,신원동,11650111
1168010100,서울특별시 강남구 역삼동,강남구,역삼동,11680101
1168010300,서울특별시 강남구 개포동,강남구,개포동,11680103
1168010400,서울특별시 강남구 청담동,강남구,청담동,11680104
1168010500,서울특별시 강남구 삼성동,강남구,삼성동,11680105
1168010600,서울특별시 강남구 대치동,강남구,대치동,11680106
1168010700,서울특별시 강남구 신사동,강남구,신사동,11680107
1168010800,서울특별시 강남구 논현동,강남구,논현동,11680108
1168011000,서울특별시 강남구 압구정동,강남구,압구정동,11680110
1168011100,서울특별시 강남구 세곡동,강남구,세곡동,11680111
1168011200,서울특별시 강남구 자곡동,강남구,자곡동,11680112
1168011300,서울특별시 강남구 율현동,강남구,율현동,11680113
1168011400,서울특별시 강남구 일원동,강남구,일원동,11680114
1168011500,서울특별시 강남구 수서동,강남구,수서동,11680115
1168011800,서울특별시 강남구 도곡동,강남구,도곡동,11680118
1171010100,서울특별시 송파구 잠실동,송파구,잠실동,11710101
1171010200,서울특별시 송파구 신천동,송파구,신천동,11710102
1171010300,서울특별시 송파구 풍납동,송파구,풍납동,11710103
1171010400,서울특별시 송파구 송파동,송파구,송파동,11710104
1171010500,서울특별시 송파구 석촌동,송파구,석촌동,11710105
1171010600,서울특별시 송파구 삼전동,송파구,삼전동,11710106
1171010700,서울특별시 송파구 가락동,송파구,가락동,11710107
1171010800,서울특별시 송파구 문정동,송파구,문정동,11710108
1171010900,서울특별시 송파구 장지동,송파구,장지동,11710109
1171011100,서울특별시 송파구 방이동,송파구,방이동,11710111
1171011200,서울특별시 송파구 오금동,송파구,오금동,11710112
1171011300,서울특별시 송파구 거여동,송파구,거여동,11710113
1171011400,서울특별시 송파구 마천동,송파구,마천동,11710114
1174010100,서울특별시 강동구 명일동,강동구,명일동,11740101
1174010200,서울특별시 강동구 고덕동,강동구,고덕동,11740102
1174010300,서울특별시 강동구 상일동,강동구,상일동,11740103
1174010500,서울특별시 강동구 길동,강동구,길동,11740105
1174010600,서울특별시 강동구 둔촌동,강동구,둔촌동,11740106
1174010700,서울특별시 강동구 암사동,강동구,암사동,11740107
1174010800,서울특별시 강동구 성내동,강동구,성내동,11740108
1174010900,서울특별시 강동구 천호동,강동구,천호동,11740109
1174011000,서울특별시 강동구 강일동,강동구,강일동,11740110
